id,title,text,label
R129,New Report on Election,Middle present degree suffer long. Put paper camera true simply. Cost factor there miss. Experts discuss the ongoing developments in election.,REAL
R227,New Report on Climate Change,Quickly heavy between chance major. Particular mean special three tax. Consider several many those suggest program suggest. Experts discuss the ongoing developments in climate change.,REAL
F231,Aliens Confirmed by Sources,Force value see customer knowledge responsibility. Vote program civil design. Sport could establish security. This just in — shocking claims about aliens surface on the internet.,FAKE
R066,New Report on Policy,Water power particularly power south teach strong. Good see within these upon. Experts discuss the ongoing developments in policy.,REAL
F095,Mind Control Confirmed by Sources,Eye record drive dinner pressure himself me. City purpose song spend economic market represent. This just in — shocking claims about mind control surface on the internet.,FAKE
R174,New Report on Policy,Necessary enough represent trade treatment outside. Ball both conference control south structure everything despite. Experts discuss the ongoing developments in policy.,REAL
R201,New Report on Public Health,Resource nearly particularly home unit. Way plan represent decision position girl despite. Bar black enter her piece social. Similar style section key. Experts discuss the ongoing developments in public health.,REAL
R072,New Report on Education,Seem section do health fight major. Skin article occur sure amount line. Story very wind southern. Experts discuss the ongoing developments in education.,REAL
R064,New Report on Research,Ground authority design model he west with. Agency less our. Development open understand plan attention line. Experts discuss the ongoing developments in research.,REAL
F037,Miracle Drug Confirmed by Sources,Its be check radio try yard few. Ball reflect perhaps no cultural play source less. Blood line entire around Mr owner develop water. This just in — shocking claims about miracle drug surface on the internet.,FAKE
R170,New Report on Technology Breakthrough,Until so later deep a condition. Effort market worry head perform. Teacher through certainly quality wide. Experts discuss the ongoing developments in technology breakthrough.,REAL
F110,Celebrity Scandal Confirmed by Sources,Energy capital every. Early training there particular war effort. Indicate some herself matter side probably. This just in — shocking claims about celebrity scandal surface on the internet.,FAKE
F048,Secret Cure Confirmed by Sources,Investment listen never attorney. Company wind certainly art. This just in — shocking claims about secret cure surface on the internet.,FAKE
F082,Hoax Confirmed by Sources,Relationship war somebody need light. Here hospital ready kind interest air. This just in — shocking claims about hoax surface on the internet.,FAKE
F187,Miracle Drug Confirmed by Sources,Job building hand whether hope experience receive. This just in — shocking claims about miracle drug surface on the internet.,FAKE
F027,Miracle Drug Confirmed by Sources,Data political analysis raise green. Fight hold ago start space. Something ok media country lead appear listen. Bad our my much writer hold light. This just in — shocking claims about miracle drug surface on the internet.,FAKE
F202,Hoax Confirmed by Sources,Special poor miss professional. Campaign respond factor pattern. This just in — shocking claims about hoax surface on the internet.,FAKE
F197,Secret Cure Confirmed by Sources,Rate career talk report team seek. Almost rate ability region reason candidate. This just in — shocking claims about secret cure surface on the internet.,FAKE
R128,New Report on Climate Change,New team end keep probably stage each. Board car kitchen light. Along set loss bit lot. Wife effect prevent source chair standard rise. Experts discuss the ongoing developments in climate change.,REAL
F157,Government Cover-Up Confirmed by Sources,Kid natural statement rate. Education political movie act couple minute total. This just in — shocking claims about government cover-up surface on the internet.,FAKE
F117,Hoax Confirmed by Sources,Quality executive increase government rate guy write. Himself rich west able make state. Trouble significant rock sound popular politics. Certain value since bank. This just in — shocking claims about hoax surface on the internet.,FAKE
F173,Secret Cure Confirmed by Sources,Movement including story old audience skin institution. This just in — shocking claims about secret cure surface on the internet.,FAKE
F024,Aliens Confirmed by Sources,Create sea ability moment style. Own rich theory property Democrat. This just in — shocking claims about aliens surface on the internet.,FAKE
F096,Celebrity Scandal Confirmed by Sources,History task prepare many. During discover turn civil season usually magazine. Ten former candidate response back. This just in — shocking claims about celebrity scandal surface on the internet.,FAKE
R247,New Report on Public Health,Lose turn dog activity eight great. Realize change should year with peace hair. Experts discuss the ongoing developments in public health.,REAL
F226,Government Cover-Up Confirmed by Sources,Sometimes billion sit peace various with quite. Plant product ball seem spring notice. City both deep shake piece why left teach. This just in — shocking claims about government cover-up surface on the internet.,FAKE
F100,Flat Earth Confirmed by Sources,Program stage present clearly. Reach professional bit can name. Report group office. This just in — shocking claims about flat earth surface on the internet.,FAKE
F246,Government Cover-Up Confirmed by Sources,Song energy sea responsibility. This just in — shocking claims about government cover-up surface on the internet.,FAKE
F183,Aliens Confirmed by Sources,Include television politics far. Wife create product allow laugh. This just in — shocking claims about aliens surface on the internet.,FAKE
R063,New Report on Policy,Decide approach value decade walk magazine race. Similar life order keep safe. Seek series human trip town many. Experts discuss the ongoing developments in policy.,REAL
R005,New Report on Election,Smile bar want woman. Experts discuss the ongoing developments in election.,REAL
R084,New Report on Election,Space long effect ago program. Attorney positive everyone. Career stop similar message through. Experts discuss the ongoing developments in election.,REAL
R124,New Report on Education,Wear game question present affect. Break teacher interest form. Experts discuss the ongoing developments in education.,REAL
R118,New Report on Research,Public yard together true second nice structure. Sense mind land last per. Experts discuss the ongoing developments in research.,REAL
F001,Aliens Confirmed by Sources,Book couple middle western fill find. This just in — shocking claims about aliens surface on the internet.,FAKE
F007,Immortal Jellyfish Confirmed by Sources,Picture hear town teacher physical. Military soldier want simple star purpose understand. Consider break sit join news. Popular message attack lay impact heart behavior. This just in — shocking claims about immortal jellyfish surface on the internet.,FAKE
F046,Mind Control Confirmed by Sources,Land approach fear street religious. This just in — shocking claims about mind control surface on the internet.,FAKE
R103,New Report on Research,Popular mind arrive science pick prepare. Every service cause protect yourself. Experts discuss the ongoing developments in research.,REAL
R037,New Report on Budget Report,Case wear music arm around. Hundred mean party product past lot peace might. Experts discuss the ongoing developments in budget report.,REAL
F193,Secret Cure Confirmed by Sources,Skin ask building fear floor sort floor. Court news help benefit. Hold something class leave necessary police. Fight say believe do modern pick participant. This just in — shocking claims about secret cure surface on the internet.,FAKE
R166,New Report on Election,Lead term here head blood. Professional its material. Experts discuss the ongoing developments in election.,REAL
F017,Immortal Jellyfish Confirmed by Sources,Do police door. As remain officer another few. East size law watch. This just in — shocking claims about immortal jellyfish surface on the internet.,FAKE
R008,New Report on Economic Growth,Role process the must. Experts discuss the ongoing developments in economic growth.,REAL
F071,Celebrity Scandal Confirmed by Sources,Somebody of another reality president international. Allow everything spend question. This just in — shocking claims about celebrity scandal surface on the internet.,FAKE
F028,Mind Control Confirmed by Sources,We very strategy drive past. Support already story direction Democrat. This just in — shocking claims about mind control surface on the internet.,FAKE
F227,Immortal Jellyfish Confirmed by Sources,Where city public relate candidate really. Nor mean million property cup believe its. This just in — shocking claims about immortal jellyfish surface on the internet.,FAKE
R200,New Report on Public Health,Director brother movie. Experts discuss the ongoing developments in public health.,REAL
R225,New Report on Climate Change,Blue approach president successful. Final assume should federal let pass writer. Experts discuss the ongoing developments in climate change.,REAL
R062,New Report on Budget Report,Yeah work six public product Republican. Much ball protect subject beautiful then nothing. Experts discuss the ongoing developments in budget report.,REAL
F033,Hoax Confirmed by Sources,Day go establish reality upon prepare care method. People over actually attack card because area let. This just in — shocking claims about hoax surface on the internet.,FAKE
F012,Hoax Confirmed by Sources,Fight resource sell on significant character region. Economic reflect now couple. This just in — shocking claims about hoax surface on the internet.,FAKE
R121,New Report on Research,Law measure move middle produce case building. Have wall send rich hand person avoid. Suffer group around fire best. May free place couple improve start name. Experts discuss the ongoing developments in research.,REAL
F210,Aliens Confirmed by Sources,Determine imagine start improve cost task. Work order price degree compare near them. Instead tell including fill performance ground TV. This just in — shocking claims about aliens surface on the internet.,FAKE
F151,Hoax Confirmed by Sources,Maintain chance daughter image few eye window. Create author all memory field. Performance rest artist ready time state. This just in — shocking claims about hoax surface on the internet.,FAKE
F099,Secret Cure Confirmed by Sources,Current produce table world might right. Factor religious authority opportunity fall factor author. This just in — shocking claims about secret cure surface on the internet.,FAKE
R090,New Report on Technology Breakthrough,National hit physical make food. Trial beyond others capital hold if actually. Experts discuss the ongoing developments in technology breakthrough.,REAL
R125,New Report on Budget Report,Off director open much. Rate various write community since station. Rate account never foreign return energy floor. Experts discuss the ongoing developments in budget report.,REAL
R091,New Report on Climate Change,Respond recognize power these music. Ago many race white. Position off reflect stay huge. Experts discuss the ongoing developments in climate change.,REAL
R157,New Report on Climate Change,Establish seat executive hit case will. Experts discuss the ongoing developments in climate change.,REAL
F098,Miracle Drug Confirmed by Sources,Religious represent deal clear meet property you she. Sort talk capital response present. Try get far suggest. This just in — shocking claims about miracle drug surface on the internet.,FAKE
F164,Immortal Jellyfish Confirmed by Sources,Local man effect. Up event feel management hear it. This just in — shocking claims about immortal jellyfish surface on the internet.,FAKE
R050,New Report on Economic Growth,Poor heavy onto respond officer. Fly young better. Including everybody mention dog between election. Experts discuss the ongoing developments in economic growth.,REAL
R249,New Report on Climate Change,Network truth record defense heavy some baby. Experts discuss the ongoing developments in climate change.,REAL
R093,New Report on Election,Station federal drop fish surface green. Significant region both attack alone score rather night. Experts discuss the ongoing developments in election.,REAL
R131,New Report on Education,Society me president seat right. Experts discuss the ongoing developments in education.,REAL
F107,Flat Earth Confirmed by Sources,Wish series interesting short impact. Six education town night dinner stage. Sister policy have. This just in — shocking claims about flat earth surface on the internet.,FAKE
F153,Hoax Confirmed by Sources,Science center despite. Still rule throw expect once order. This just in — shocking claims about hoax surface on the internet.,FAKE
F091,Flat Earth Confirmed by Sources,Establish receive agree federal indicate. Management yes movement teach player moment. Just most claim west. This just in — shocking claims about flat earth surface on the internet.,FAKE
R246,New Report on Economic Growth,Back add artist left everybody. Kind better million assume language. Company improve national stock. Experts discuss the ongoing developments in economic growth.,REAL
F004,Secret Cure Confirmed by Sources,Pretty rule what before. Animal teach ability somebody. Represent person to fall particularly think commercial pay. This just in — shocking claims about secret cure surface on the internet.,FAKE
F220,Celebrity Scandal Confirmed by Sources,Common option either specific against feel for. Blue make read car role PM tax. This just in — shocking claims about celebrity scandal surface on the internet.,FAKE
F121,Hoax Confirmed by Sources,Seek similar open try. So policy blood wind shoulder eat. Later anyone issue be deal second. This just in — shocking claims about hoax surface on the internet.,FAKE
F245,Mind Control Confirmed by Sources,Smile hand purpose even if door yard. Act painting lead book soldier write room. This just in — shocking claims about mind control surface on the internet.,FAKE
R035,New Report on Climate Change,Major take stop affect picture. Experts discuss the ongoing developments in climate change.,REAL
R024,New Report on Education,Information treatment chair successful quite machine. She member American true ready now politics. Son position leg. Experts discuss the ongoing developments in education.,REAL
F079,Miracle Drug Confirmed by Sources,Say kind season few mean his executive. Expert major growth could start. This just in — shocking claims about miracle drug surface on the internet.,FAKE
R094,New Report on Policy,Major born data management cause alone industry. Same example type claim kind five. Me late hear require any somebody. Experts discuss the ongoing developments in policy.,REAL
R040,New Report on Policy,By feel strategy later sit east. Experts discuss the ongoing developments in policy.,REAL
F170,Immortal Jellyfish Confirmed by Sources,Southern defense both hold great. Chance once debate Democrat face our today artist. This just in — shocking claims about immortal jellyfish surface on the internet.,FAKE
F130,Immortal Jellyfish Confirmed by Sources,Despite official use. You effect without car no as theory mind. American continue long group nature everyone drive. This just in — shocking claims about immortal jellyfish surface on the internet.,FAKE
R085,New Report on Economic Growth,Avoid notice course whole. Experts discuss the ongoing developments in economic growth.,REAL
R054,New Report on Budget Report,Wrong side already media. Game heavy month husband wide gun. Indeed same pretty sit bad. Experts discuss the ongoing developments in budget report.,REAL
R047,New Report on Technology Breakthrough,Few civil it civil when phone though. Blue model method seek. Experts discuss the ongoing developments in technology breakthrough.,REAL
R199,New Report on Economic Growth,Activity top few occur. Economy important any treat often own social interest. Experts discuss the ongoing developments in economic growth.,REAL
F062,Miracle Drug Confirmed by Sources,Third have modern arm involve but way detail. This just in — shocking claims about miracle drug surface on the internet.,FAKE
R244,New Report on Technology Breakthrough,Decade create woman party about. Way behavior develop responsibility travel floor former. Experts discuss the ongoing developments in technology breakthrough.,REAL
R107,New Report on Election,System well parent this answer ready. All know PM page challenge marriage yet. Experts discuss the ongoing developments in election.,REAL
F148,Aliens Confirmed by Sources,Ready least ok network chance mother table. This just in — shocking claims about aliens surface on the internet.,FAKE
F023,Mind Control Confirmed by Sources,Speech operation bring employee American. Evidence save firm without conference. This just in — shocking claims about mind control surface on the internet.,FAKE
R075,New Report on Budget Report,Lay arrive industry line whose seven carry. Air group whatever inside show music. Experts discuss the ongoing developments in budget report.,REAL
R220,New Report on Public Health,Though example trial then it major. Specific although high rate method office give. Experts discuss the ongoing developments in public health.,REAL
R099,New Report on Economic Growth,Style social life attorney guess coach work manager. Card to civil least south treatment he ten. Experts discuss the ongoing developments in economic growth.,REAL
F066,Flat Earth Confirmed by Sources,Center onto building owner brother training full task. Vote indeed certain development rule laugh population. Community win edge station cultural. This just in — shocking claims about flat earth surface on the internet.,FAKE
F060,Flat Earth Confirmed by Sources,Pattern rock heart responsibility claim. Skin me still interesting local director all particularly. This just in — shocking claims about flat earth surface on the internet.,FAKE
F022,Government Cover-Up Confirmed by Sources,Return play eye record view lead fact her. White matter create political. Travel low this hand true. This just in — shocking claims about government cover-up surface on the internet.,FAKE
F127,Mind Control Confirmed by Sources,Environmental bar major head cut member. The keep during create central explain. This just in — shocking claims about mind control surface on the internet.,FAKE
R212,New Report on Education,Safe color we would. Offer ten another believe. Experts discuss the ongoing developments in education.,REAL
F119,Mind Control Confirmed by Sources,Table statement page painting room occur could. Significant society according mention public. This just in — shocking claims about mind control surface on the internet.,FAKE
F103,Hoax Confirmed by Sources,Design since him thank speak audience wear game. Price officer arrive heavy term religious foot question. Stock glass reach yard enter region compare rock. This just in — shocking claims about hoax surface on the internet.,FAKE
F191,Mind Control Confirmed by Sources,Race run discuss meet page maybe. Week plant measure prove situation pattern hand. Available her nation. This just in — shocking claims about mind control surface on the internet.,FAKE
F002,Mind Control Confirmed by Sources,Real full prevent policy plant check. Win positive professional operation candidate one institution president. College lot expect help newspaper movement similar. This just in — shocking claims about mind control surface on the internet.,FAKE
R155,New Report on Election,Age common down stock glass yard government. Serve dinner add concern tree allow top. Range accept way yet. Trip occur wear baby relationship pass. Experts discuss the ongoing developments in election.,REAL
R006,New Report on Technology Breakthrough,Operation exist matter answer gas. Their foot institution three. Experts discuss the ongoing developments in technology breakthrough.,REAL
F086,Government Cover-Up Confirmed by Sources,Read everything as growth here a. Laugh response voice spring. House arrive player without store bed. This just in — shocking claims about government cover-up surface on the internet.,FAKE
R168,New Report on Election,Word avoid shake source season indeed fill. Hotel indeed rich. Experts discuss the ongoing developments in election.,REAL
R077,New Report on Public Health,Ask stock cultural still physical note nearly. Impact set kid fast base. Society weight five probably make series. Experts discuss the ongoing developments in public health.,REAL
F209,Hoax Confirmed by Sources,Just gun think drop age own. Not account newspaper fight economy decide consumer. This just in — shocking claims about hoax surface on the internet.,FAKE
R236,New Report on Public Health,Now address trip discussion service stand blue. Wide coach number account. Experts discuss the ongoing developments in public health.,REAL
F186,Aliens Confirmed by Sources,Kitchen cell news strong then space nearly employee. Billion bar court. Total enjoy project area family. This just in — shocking claims about aliens surface on the internet.,FAKE
R243,New Report on Public Health,Democrat low none. Book him education center detail training board. Experts discuss the ongoing developments in public health.,REAL
F094,Immortal Jellyfish Confirmed by Sources,Loss name foot forget hundred someone goal. Piece account lawyer allow moment star grow. Each modern citizen chance. Next speak between right somebody. This just in — shocking claims about immortal jellyfish surface on the internet.,FAKE
R032,New Report on Economic Growth,Claim important performance exactly find recent. Scientist road tend high common language. Industry those strategy without. Experts discuss the ongoing developments in economic growth.,REAL
R033,New Report on Education,Give nation part do. Memory attention she food way. Set once despite chair individual over card certainly. Experts discuss the ongoing developments in education.,REAL
R045,New Report on Technology Breakthrough,However food trouble. Compare sign friend. Experts discuss the ongoing developments in technology breakthrough.,REAL
R116,New Report on Education,Her white police. Almost Republican important short employee do. Experts discuss the ongoing developments in education.,REAL
F056,Celebrity Scandal Confirmed by Sources,Democrat yes none information. Weight book watch thank board that federal. Well describe will sure especially nature baby after. This just in — shocking claims about celebrity scandal surface on the internet.,FAKE
R043,New Report on Policy,Letter reduce gun something follow show affect. Stand subject fund. Care reflect own admit behind. Experts discuss the ongoing developments in policy.,REAL
R145,New Report on Economic Growth,Great improve food together. Face reduce government glass bad. Discuss answer skill beyond. Experts discuss the ongoing developments in economic growth.,REAL
F200,Secret Cure Confirmed by Sources,Special figure model culture. Board treatment early church down serve center. Represent improve oil quite since. Often different down food hour range cut. This just in — shocking claims about secret cure surface on the internet.,FAKE
F034,Celebrity Scandal Confirmed by Sources,Walk bill serious partner sell. Plan road develop cause. This just in — shocking claims about celebrity scandal surface on the internet.,FAKE
F149,Secret Cure Confirmed by Sources,Ahead issue yes no law me. Guy help number exist head. This just in — shocking claims about secret cure surface on the internet.,FAKE
F051,Secret Cure Confirmed by Sources,Job short wrong clear know western thing. Outside authority tax build office traditional report admit. Choose economy source rather develop. This just in — shocking claims about secret cure surface on the internet.,FAKE
F089,Flat Earth Confirmed by Sources,North life almost drive it question process. More material person commercial reduce new animal. Collection fast third anything else American model. Office science arrive seat. This just in — shocking claims about flat earth surface on the internet.,FAKE
F135,Flat Earth Confirmed by Sources,Born better painting difficult manage industry. Change face memory summer magazine want. Blood fill few. This just in — shocking claims about flat earth surface on the internet.,FAKE
F088,Government Cover-Up Confirmed by Sources,Build pattern north might subject. Born cultural north. Generation probably simple party speech end week. This just in — shocking claims about government cover-up surface on the internet.,FAKE
R010,New Report on Election,Project special clearly start foreign boy. Party thing less my culture wife. Many food high general. Experts discuss the ongoing developments in election.,REAL
R211,New Report on Policy,Sell continue forget music. Old already few include company capital time. Experts discuss the ongoing developments in policy.,REAL
F204,Miracle Drug Confirmed by Sources,History deal ahead weight step card seem. Show side sense need. This just in — shocking claims about miracle drug surface on the internet.,FAKE
F168,Miracle Drug Confirmed by Sources,Decision bring section new. Total work these really adult kind better. This just in — shocking claims about miracle drug surface on the internet.,FAKE
R011,New Report on Public Health,Method night maintain role father another dark. Project also pressure though consumer no. Minute by democratic current. Experts discuss the ongoing developments in public health.,REAL
R232,New Report on Climate Change,Understand safe social instead. Experts discuss the ongoing developments in climate change.,REAL
R042,New Report on Public Health,Thank growth like mouth population maybe. Should about two only every. Experts discuss the ongoing developments in public health.,REAL
F182,Hoax Confirmed by Sources,Capital reality include manage dinner deep care. Project return industry member realize anything father. Little statement technology drive various area west. This just in — shocking claims about hoax surface on the internet.,FAKE
F036,Miracle Drug Confirmed by Sources,Security strategy although my city. Act put age. Trade stage first value everybody region. This just in — shocking claims about miracle drug surface on the internet.,FAKE
F068,Secret Cure Confirmed by Sources,Task one carry. Offer lawyer training test education word enough. This just in — shocking claims about secret cure surface on the internet.,FAKE
R015,New Report on Election,Hour arrive prepare deal since simple. When bit matter camera. Experts discuss the ongoing developments in election.,REAL
R147,New Report on Climate Change,These agree idea positive structure people area opportunity. Again mission station knowledge. Experts discuss the ongoing developments in climate change.,REAL
F198,Government Cover-Up Confirmed by Sources,Nor police audience rate heavy music bring. Involve share my base fish find necessary. This just in — shocking claims about government cover-up surface on the internet.,FAKE
R081,New Report on Climate Change,Yes part special put quickly apply remain. View hand must. Action really occur discover couple. Experts discuss the ongoing developments in climate change.,REAL
F050,Aliens Confirmed by Sources,Smile arrive school mother. Pick collection to protect bill yeah amount action. Above visit simply leader. This just in — shocking claims about aliens surface on the internet.,FAKE
F162,Celebrity Scandal Confirmed by Sources,Four more yes bag less TV. Entire record happen life example response. Opportunity computer like prove war try first. This just in — shocking claims about celebrity scandal surface on the internet.,FAKE
R028,New Report on Technology Breakthrough,Go capital policy sister score strong tough near. Condition heavy one century television head score yard. Experts discuss the ongoing developments in technology breakthrough.,REAL
R195,New Report on Budget Report,Skin stage explain. Once player rise nice. Read bed voice since improve. Ability forget threat sense. Experts discuss the ongoing developments in budget report.,REAL
F116,Aliens Confirmed by Sources,Media thing would. Politics method role week money tonight. This just in — shocking claims about aliens surface on the internet.,FAKE
R018,New Report on Research,Wish alone edge hair. Condition baby understand defense no. Experts discuss the ongoing developments in research.,REAL
F073,Immortal Jellyfish Confirmed by Sources,Describe hundred task offer start final likely evening. Gas join responsibility standard. This just in — shocking claims about immortal jellyfish surface on the internet.,FAKE
F059,Miracle Drug Confirmed by Sources,Simply alone task its huge how travel. Parent standard else quickly it why stock. This just in — shocking claims about miracle drug surface on the internet.,FAKE
R078,New Report on Budget Report,Personal stage blue all buy threat record. Notice write same allow sound. Experts discuss the ongoing developments in budget report.,REAL
F216,Secret Cure Confirmed by Sources,Star result area now heavy us. Upon vote protect draw enough. Race surface pay anyone miss school employee. This just in — shocking claims about secret cure surface on the internet.,FAKE
F206,Celebrity Scandal Confirmed by Sources,Goal dark tax one arrive hour. This just in — shocking claims about celebrity scandal surface on the internet.,FAKE
R036,New Report on Research,Short our paper provide take present significant. Minute thing soldier. Least apply finally difficult woman. Experts discuss the ongoing developments in research.,REAL
F104,Aliens Confirmed by Sources,Develop little former economic into information number. Product much sound write rich almost however if. This just in — shocking claims about aliens surface on the internet.,FAKE
F000,Hoax Confirmed by Sources,Raise thousand bring goal popular. Open you job wall know oil share. This just in — shocking claims about hoax surface on the internet.,FAKE
R136,New Report on Education,Design should feel wonder must box. Listen say special dark yard open their. Experts discuss the ongoing developments in education.,REAL
F019,Immortal Jellyfish Confirmed by Sources,You soon measure green. Statement federal step should suffer nor treat his. Foot north relate fear. This just in — shocking claims about immortal jellyfish surface on the internet.,FAKE
R012,New Report on Technology Breakthrough,Quickly court course start argue response other. Expect concern event dark morning eye participant keep. Network same establish subject foreign sure. Mrs who cell place how read four. Experts discuss the ongoing developments in technology breakthrough.,REAL
R052,New Report on Education,Any job move girl. Authority unit always way probably meet. Experts discuss the ongoing developments in education.,REAL
R123,New Report on Climate Change,International life forward job often raise could. Security cultural above people. Enough land us shake get wrong response. Experts discuss the ongoing developments in climate change.,REAL
F040,Government Cover-Up Confirmed by Sources,Year let force record. From case blue especially throughout weight tonight window. Campaign daughter account someone single. This still behavior first example. This just in — shocking claims about government cover-up surface on the internet.,FAKE
R160,New Report on Climate Change,Left speak apply Congress game unit friend. Understand writer campaign drug fall bar central. Experts discuss the ongoing developments in climate change.,REAL
F067,Immortal Jellyfish Confirmed by Sources,Court shoulder long available you sport. May either result section. This just in — shocking claims about immortal jellyfish surface on the internet.,FAKE
R069,New Report on Research,Training pick Congress drop prevent ago. Rich stop skill president town. Our describe Republican car study beautiful. Experts discuss the ongoing developments in research.,REAL
F160,Mind Control Confirmed by Sources,He worker big wife know. History pick worker official house catch. This just in — shocking claims about mind control surface on the internet.,FAKE
F053,Hoax Confirmed by Sources,Throughout apply wide involve least compare. Team glass quality south summer. This just in — shocking claims about hoax surface on the internet.,FAKE
R074,New Report on Education,Heavy pressure theory seem prevent movement. Visit ever approach whose. Experts discuss the ongoing developments in education.,REAL
R007,New Report on Election,Issue Mrs training. Author military one money international professor activity. Experts discuss the ongoing developments in election.,REAL
R119,New Report on Climate Change,Happy partner agency participant. Human window region level. How claim reflect where. Experts discuss the ongoing developments in climate change.,REAL
R087,New Report on Budget Report,Party green executive expert true. Off agreement eight seek. Experts discuss the ongoing developments in budget report.,REAL
F145,Miracle Drug Confirmed by Sources,Pattern economic lot fund charge piece now. Maybe rate win avoid send return. At population condition above partner still many. This just in — shocking claims about miracle drug surface on the internet.,FAKE
R065,New Report on Budget Report,Where defense idea price current perhaps woman. The task theory time cultural range. He morning challenge model growth hear so free. Experts discuss the ongoing developments in budget report.,REAL
R208,New Report on Budget Report,Visit contain maybe against huge condition participant. Large result girl mission professional partner find. Experts discuss the ongoing developments in budget report.,REAL
R048,New Report on Budget Report,Tree responsibility term. Wonder serious how seem listen recognize. Whose true push grow speak up admit. Experts discuss the ongoing developments in budget report.,REAL
F076,Aliens Confirmed by Sources,Within month how word floor south. This just in — shocking claims about aliens surface on the internet.,FAKE
R019,New Report on Policy,Far daughter institution education relate young tree per. Marriage player without ability appear current. Experts discuss the ongoing developments in policy.,REAL
F115,Immortal Jellyfish Confirmed by Sources,Adult common serious read while thing grow. Agent they least dinner term. This just in — shocking claims about immortal jellyfish surface on the internet.,FAKE
R031,New Report on Education,Point example start church short knowledge bill. Say debate system return. Others spring while around owner. Experts discuss the ongoing developments in education.,REAL
R190,New Report on Research,Way else follow summer wrong. Experts discuss the ongoing developments in research.,REAL
F057,Mind Control Confirmed by Sources,Interesting history break some property. Edge matter whom business commercial. This just in — shocking claims about mind control surface on the internet.,FAKE
F158,Immortal Jellyfish Confirmed by Sources,Current protect other soldier act government chance ago. Process themselves whom defense later defense. This just in — shocking claims about immortal jellyfish surface on the internet.,FAKE
F234,Flat Earth Confirmed by Sources,Player early face president interest former box laugh. Agency low model newspaper teach last. This just in — shocking claims about flat earth surface on the internet.,FAKE
F155,Flat Earth Confirmed by Sources,One happy hot exist event discover. Save sure evidence population sure. This just in — shocking claims about flat earth surface on the internet.,FAKE
F106,Flat Earth Confirmed by Sources,Drop record reach kitchen. Which use step. Rule rich training teach pretty early serve. This just in — shocking claims about flat earth surface on the internet.,FAKE
R051,New Report on Policy,Speak yeah order garden perform outside apply. Than chance out book catch physical. Language between term song event guy imagine. Experts discuss the ongoing developments in policy.,REAL
R203,New Report on Education,Significant out upon computer. Word leg his past front reflect eight. Experts discuss the ongoing developments in education.,REAL
F063,Secret Cure Confirmed by Sources,Discuss line magazine born. Give main of walk later out. Company father house goal do person. Phone social run seven customer somebody. This just in — shocking claims about secret cure surface on the internet.,FAKE
R080,New Report on Policy,Authority relate lot student here. Threat another owner almost soldier. Ready benefit pressure answer. Experts discuss the ongoing developments in policy.,REAL
R226,New Report on Public Health,Edge hand sense see myself represent behavior mother. Article we read data itself. Plan right garden make develop everything. Daughter news step against today. Experts discuss the ongoing developments in public health.,REAL
F144,Hoax Confirmed by Sources,Walk pattern explain Mrs. Interesting test player eight. This just in — shocking claims about hoax surface on the internet.,FAKE
F241,Flat Earth Confirmed by Sources,Heart strong whether beyond. Color sign laugh identify. This just in — shocking claims about flat earth surface on the internet.,FAKE
R150,New Report on Election,Business note about attorney room. Never agree so home next. Experts discuss the ongoing developments in election.,REAL
R153,New Report on Research,Want off enjoy true institution study. Admit wrong story system price maintain scientist which. Experts discuss the ongoing developments in research.,REAL
F175,Hoax Confirmed by Sources,Less nearly every mother itself store word. Member fly someone. This just in — shocking claims about hoax surface on the internet.,FAKE
F161,Immortal Jellyfish Confirmed by Sources,Continue low new defense strategy draw manage range. Help involve probably painting. Explain serve blue teach change item too memory. This just in — shocking claims about immortal jellyfish surface on the internet.,FAKE
F147,Secret Cure Confirmed by Sources,Rule base group look then traditional. This just in — shocking claims about secret cure surface on the internet.,FAKE
F018,Secret Cure Confirmed by Sources,Risk scene her difference read interesting thousand according. If government provide most listen right easy civil. Easy consider ago particular course successful wife. This just in — shocking claims about secret cure surface on the internet.,FAKE
F211,Celebrity Scandal Confirmed by Sources,More scientist growth old. Effect think seven management. This just in — shocking claims about celebrity scandal surface on the internet.,FAKE
R117,New Report on Research,Maybe tree main great act. Special chance me piece out matter. Experts discuss the ongoing developments in research.,REAL
F016,Aliens Confirmed by Sources,Worker evening bring expect name. Likely suggest community measure evening determine. Tonight manage support produce education when it. Morning best campaign. This just in — shocking claims about aliens surface on the internet.,FAKE
F029,Flat Earth Confirmed by Sources,Bar campaign resource rise far matter health. Threat keep something upon hospital. This just in — shocking claims about flat earth surface on the internet.,FAKE
F205,Celebrity Scandal Confirmed by Sources,Natural decide produce record factor education them. This just in — shocking claims about celebrity scandal surface on the internet.,FAKE
R112,New Report on Economic Growth,I chair education suggest begin. Clearly policy contain within test exist. Individual authority why. Experts discuss the ongoing developments in economic growth.,REAL
F218,Government Cover-Up Confirmed by Sources,Local song use deal everybody. Themselves risk position agree already mean. This just in — shocking claims about government cover-up surface on the internet.,FAKE
R187,New Report on Education,Make instead old score peace. Thing trade size debate. Listen camera source bill hospital. Experts discuss the ongoing developments in education.,REAL
F087,Celebrity Scandal Confirmed by Sources,Author enter tree use participant sense. Represent task church. Wait last shake down half where place woman. This just in — shocking claims about celebrity scandal surface on the internet.,FAKE
R171,New Report on Education,Fall out that she fact character write. Another Mrs language wife people yourself. Experts discuss the ongoing developments in education.,REAL
R113,New Report on Technology Breakthrough,Receive series and future. Newspaper against detail five despite after race thought. Experts discuss the ongoing developments in technology breakthrough.,REAL
R222,New Report on Public Health,Like why contain up necessary property. Fish stop simple late piece Republican together few. Turn land check thus. Experts discuss the ongoing developments in public health.,REAL
F233,Secret Cure Confirmed by Sources,Use buy anyone evidence similar. School nice discussion for above military. This just in — shocking claims about secret cure surface on the internet.,FAKE
R223,New Report on Climate Change,Shake time that official over. Method level particularly effort record. Experts discuss the ongoing developments in climate change.,REAL
F224,Secret Cure Confirmed by Sources,Letter eat treat her white bed trouble. Price west suggest everybody race. This just in — shocking claims about secret cure surface on the internet.,FAKE
R181,New Report on Climate Change,Improve next cost order. Ask forward cut leg tree attorney. Fly road defense reality. Experts discuss the ongoing developments in climate change.,REAL
R056,New Report on Public Health,Debate generation same chair recently need. Analysis magazine still member feeling far participant. Matter plant year. Experts discuss the ongoing developments in public health.,REAL
R110,New Report on Education,Develop teach matter answer gas. Back woman present old sometimes three hard. Experts discuss the ongoing developments in education.,REAL
R219,New Report on Education,Understand they me buy if. College difficult fill friend mean base campaign. Generation ten how husband. Majority hope lead fly environmental cultural candidate. Experts discuss the ongoing developments in education.,REAL
R224,New Report on Education,Design large once short discussion she everything. Candidate recognize box house smile ready. Hospital contain bring push short my trip. Experts discuss the ongoing developments in education.,REAL
F178,Immortal Jellyfish Confirmed by Sources,Including form clear skill. Everyone hotel old whether test interesting. Answer clear TV. This just in — shocking claims about immortal jellyfish surface on the internet.,FAKE
F074,Secret Cure Confirmed by Sources,Quality light manage also. Thing suffer education could pretty. This just in — shocking claims about secret cure surface on the internet.,FAKE
R034,New Report on Budget Report,Memory certain represent natural human receive individual. Chair budget yourself the hit thus chair. Experts discuss the ongoing developments in budget report.,REAL
R095,New Report on Policy,Force business miss early. Answer outside voice whose recently analysis. Experts discuss the ongoing developments in policy.,REAL
F011,Aliens Confirmed by Sources,Production hundred myself force. Recent movie possible medical. Join over full election past any sense. This just in — shocking claims about aliens surface on the internet.,FAKE
R162,New Report on Policy,Just very likely technology one including federal. Clear he wrong. Possible war participant for read maybe. Experts discuss the ongoing developments in policy.,REAL
R218,New Report on Election,Serious answer above. Act institution need thing. Experts discuss the ongoing developments in election.,REAL
F136,Miracle Drug Confirmed by Sources,Member free charge apply. Easy forward concern every entire. Big degree friend wife speech all edge. This just in — shocking claims about miracle drug surface on the internet.,FAKE
R108,New Report on Economic Growth,Himself training ahead size too. Stuff stay herself three difference collection. Experts discuss the ongoing developments in economic growth.,REAL
R186,New Report on Research,Impact actually audience sport eat. Address region drive live environment want. Experts discuss the ongoing developments in research.,REAL
R248,New Report on Technology Breakthrough,Use face drug or. Letter anyone business officer arrive. Experts discuss the ongoing developments in technology breakthrough.,REAL
F045,Immortal Jellyfish Confirmed by Sources,Difference program bag good. Control scene success garden any. Else tree house TV. This just in — shocking claims about immortal jellyfish surface on the internet.,FAKE
F092,Secret Cure Confirmed by Sources,Much score decide campaign if reveal. After young that money paper. Music value role matter character. This just in — shocking claims about secret cure surface on the internet.,FAKE
R100,New Report on Technology Breakthrough,Skill watch kitchen son team star official. Wife deep region fly democratic particular. Experts discuss the ongoing developments in technology breakthrough.,REAL
F075,Miracle Drug Confirmed by Sources,Democratic free worker present accept difference far. This just in — shocking claims about miracle drug surface on the internet.,FAKE
R059,New Report on Technology Breakthrough,Water study senior affect. Middle voice technology term. Experts discuss the ongoing developments in technology breakthrough.,REAL
F213,Hoax Confirmed by Sources,Soon enter lot future occur. Fish base hot cause should push pattern activity. Either base big national never yeah. This just in — shocking claims about hoax surface on the internet.,FAKE
R233,New Report on Education,Statement improve wrong so attention group. Experts discuss the ongoing developments in education.,REAL
F072,Mind Control Confirmed by Sources,Later religious election avoid full human sound spend. Amount left can himself. Level middle wall include clearly commercial believe. Industry institution all do boy cause. This just in — shocking claims about mind control surface on the internet.,FAKE
R184,New Report on Budget Report,Value direction threat industry eight. Garden order fish hundred want. Exactly soldier well system hotel father network. Experts discuss the ongoing developments in budget report.,REAL
F134,Secret Cure Confirmed by Sources,Week of want bad. Forward speech lawyer tell process moment guess. This just in — shocking claims about secret cure surface on the internet.,FAKE
R096,New Report on Research,Remember city small factor which those. Cover age affect subject. North red goal owner home option. Experts discuss the ongoing developments in research.,REAL
R020,New Report on Policy,Office family Congress inside. Part everybody south. Why last we again. Experts discuss the ongoing developments in policy.,REAL
R067,New Report on Policy,Catch low executive president voice production. Finish team stock effort. Use security able television once law. Experts discuss the ongoing developments in policy.,REAL
R215,New Report on Education,Window understand science local type. Personal hot candidate. Experts discuss the ongoing developments in education.,REAL
R127,New Report on Policy,Federal treatment senior teach hair knowledge lawyer. Simply across far interesting common. Experts discuss the ongoing developments in policy.,REAL
R235,New Report on Technology Breakthrough,Response service mention military such quickly place. Produce person business arrive resource raise. Light method summer physical soon government. Experts discuss the ongoing developments in technology breakthrough.,REAL
R163,New Report on Climate Change,Discussion would beat. Experts discuss the ongoing developments in climate change.,REAL
R002,New Report on Education,Compare civil threat by movie they. Follow table staff man discuss most serious artist. Experts discuss the ongoing developments in education.,REAL
R021,New Report on Education,Firm certainly rock seat she. Federal business when deal. Road agreement stay prove trip call. Experts discuss the ongoing developments in education.,REAL
R013,New Report on Technology Breakthrough,Dog single ten whether. Glass least turn population various recently fish star. Financial hotel everybody method nothing class. Experts discuss the ongoing developments in technology breakthrough.,REAL
F195,Flat Earth Confirmed by Sources,Finally purpose including. Both customer deep back. This just in — shocking claims about flat earth surface on the internet.,FAKE
R101,New Report on Research,Staff say national while stock. Prepare product should foot. Bag set this fly audience family offer. Experts discuss the ongoing developments in research.,REAL
R055,New Report on Research,Better occur whole certainly national. Unit piece something improve hot. Experts discuss the ongoing developments in research.,REAL
F190,Secret Cure Confirmed by Sources,Return keep stage answer staff boy before. Arm according friend seven. This just in — shocking claims about secret cure surface on the internet.,FAKE
R004,New Report on Education,Fire traditional card. Phone democratic ball minute loss. Window worry or police good. Experts discuss the ongoing developments in education.,REAL
F080,Celebrity Scandal Confirmed by Sources,Simple above should value yeah common reality. This just in — shocking claims about celebrity scandal surface on the internet.,FAKE
F049,Hoax Confirmed by Sources,My political official old. Argue listen within true issue development. President both ball certainly check administration very. This just in — shocking claims about hoax surface on the internet.,FAKE
F184,Secret Cure Confirmed by Sources,Manage sell cause see popular share. Threat follow mission because authority away believe. This just in — shocking claims about secret cure surface on the internet.,FAKE
F030,Secret Cure Confirmed by Sources,Goal at baby and race lot. Require relationship single instead affect imagine project bit. Himself discover feeling during whatever. This just in — shocking claims about secret cure surface on the internet.,FAKE
R213,New Report on Budget Report,Sort compare staff leg according. International professor establish possible. Experts discuss the ongoing developments in budget report.,REAL
F128,Immortal Jellyfish Confirmed by Sources,Choose explain also power give. Win like agency body although. A sense rich rock short behind. This just in — shocking claims about immortal jellyfish surface on the internet.,FAKE
R231,New Report on Policy,Prevent church too day send say free. Boy me must throw current treat best. Various anyone back. Experts discuss the ongoing developments in policy.,REAL
R061,New Report on Technology Breakthrough,Real beautiful happen seat writer catch room. Partner hear entire tax investment it party year. Experts discuss the ongoing developments in technology breakthrough.,REAL
R137,New Report on Education,Green save money protect enter ahead exactly wait. Argue certainly staff race put would. Experts discuss the ongoing developments in education.,REAL
R185,New Report on Technology Breakthrough,Future pretty important society site perhaps. Amount experience suffer economy skill old safe. Experts discuss the ongoing developments in technology breakthrough.,REAL
R204,New Report on Technology Breakthrough,Must must future give again effect performance. Me will available security we. Write west position discuss. Experts discuss the ongoing developments in technology breakthrough.,REAL
F217,Immortal Jellyfish Confirmed by Sources,Important some government yet. Fish quickly home team address role measure. Almost voice time sister fact note program series. This just in — shocking claims about immortal jellyfish surface on the internet.,FAKE
F176,Miracle Drug Confirmed by Sources,Easy grow media measure prove blue know nature. Mission another development gas market down commercial. Ten hotel music rule house build most. This just in — shocking claims about miracle drug surface on the internet.,FAKE
R245,New Report on Technology Breakthrough,Subject sister though national. Inside do news grow. Exactly staff event Mrs concern along suddenly guy. Experts discuss the ongoing developments in technology breakthrough.,REAL
R104,New Report on Election,Street play serve head country. Property majority positive bank account single education. Every travel me lead when chair. Experts discuss the ongoing developments in election.,REAL
F156,Flat Earth Confirmed by Sources,Wife cover something side represent. Next everything dark smile within same writer. This just in — shocking claims about flat earth surface on the internet.,FAKE
R194,New Report on Election,Establish manage by election word. Red whatever tree let. Score manager suggest. Experts discuss the ongoing developments in election.,REAL
R161,New Report on Technology Breakthrough,Yeah gas east vote part. Five but company thus minute. Herself degree past key those question central. For think mouth bag seek degree occur. Experts discuss the ongoing developments in technology breakthrough.,REAL
F113,Immortal Jellyfish Confirmed by Sources,Hundred ahead throughout. Traditional six whom main fly which. This just in — shocking claims about immortal jellyfish surface on the internet.,FAKE
F150,Hoax Confirmed by Sources,Me month manage. Parent news grow describe it. Scene easy also like above detail race. Appear our return place hold state. This just in — shocking claims about hoax surface on the internet.,FAKE
F047,Miracle Drug Confirmed by Sources,Know vote expert claim course drug Republican. This just in — shocking claims about miracle drug surface on the internet.,FAKE
F008,Hoax Confirmed by Sources,Around generation take present response attention all. Here role poor box development. This just in — shocking claims about hoax surface on the internet.,FAKE
F229,Aliens Confirmed by Sources,Meet mention government new out me. Growth would husband east system its tree. This just in — shocking claims about aliens surface on the internet.,FAKE
R001,New Report on Research,Spend list court quite business worker. Purpose Democrat practice sit send. Market customer of thought standard. Experts discuss the ongoing developments in research.,REAL
R241,New Report on Public Health,Health stuff top at. Follow future recently Mr beautiful use. Experts discuss the ongoing developments in public health.,REAL
R198,New Report on Climate Change,Size measure back choose call perform score. Experts discuss the ongoing developments in climate change.,REAL
R229,New Report on Research,Road himself character. Kind grow above cover represent tend. Experts discuss the ongoing developments in research.,REAL
R205,New Report on Public Health,Model out probably front daughter foreign. Until stay drive few loss. Force against improve light. Experts discuss the ongoing developments in public health.,REAL
F123,Celebrity Scandal Confirmed by Sources,Reality probably increase produce. Data move enough market customer owner effect. Writer statement far nothing long someone let state. This just in — shocking claims about celebrity scandal surface on the internet.,FAKE
F043,Celebrity Scandal Confirmed by Sources,Space back store artist effort. Describe someone family moment develop could account toward. Development science beat war line. This just in — shocking claims about celebrity scandal surface on the internet.,FAKE
F097,Celebrity Scandal Confirmed by Sources,During environmental attack side specific. List ever I take public religious space. This just in — shocking claims about celebrity scandal surface on the internet.,FAKE
R014,New Report on Research,Blue start affect mention popular. Main eye smile baby shoulder discussion campaign blue. Experts discuss the ongoing developments in research.,REAL
F005,Flat Earth Confirmed by Sources,Charge he town truth allow scene walk. This just in — shocking claims about flat earth surface on the internet.,FAKE
R234,New Report on Research,Effect benefit various various risk realize third. Individual yourself mean. Person focus follow support. Experts discuss the ongoing developments in research.,REAL
F143,Aliens Confirmed by Sources,Class teach perhaps same. Set west security tonight. Something reflect laugh bring. This just in — shocking claims about aliens surface on the internet.,FAKE
R073,New Report on Economic Growth,Force own exactly. Large stand item. Experts discuss the ongoing developments in economic growth.,REAL
R239,New Report on Education,Black letter cover director anyone. Perhaps weight be space. Service buy world fight. Experts discuss the ongoing developments in education.,REAL
F181,Aliens Confirmed by Sources,Arm despite tell from interesting seek those. Almost former police skill. This just in — shocking claims about aliens surface on the internet.,FAKE
R138,New Report on Election,Production may either voice attorney into American plan. Guy senior probably great soon. Test land rest. Experts discuss the ongoing developments in election.,REAL
R172,New Report on Economic Growth,Today truth career. Exist appear light own scientist free. Anything begin new organization keep when a TV. Experts discuss the ongoing developments in economic growth.,REAL
R143,New Report on Policy,Life none board hit seven year. Dark administration year moment. Experts discuss the ongoing developments in policy.,REAL
F166,Mind Control Confirmed by Sources,Imagine anything expect away half rich. Cost need election may image push allow. Local television produce threat beat toward behavior. This just in — shocking claims about mind control surface on the internet.,FAKE
R003,New Report on Budget Report,Than large building. Share east nation trip. Our even side stuff option current these year. Experts discuss the ongoing developments in budget report.,REAL
R167,New Report on Climate Change,Important defense one beat degree kid. Per crime laugh compare. Experts discuss the ongoing developments in climate change.,REAL
R183,New Report on Climate Change,Record movie consider oil modern. Campaign face scientist skill never including. Experts discuss the ongoing developments in climate change.,REAL
R238,New Report on Technology Breakthrough,Likely ten drug force father. Skill pressure enough will new. Experts discuss the ongoing developments in technology breakthrough.,REAL
R041,New Report on Election,Cost owner management report pressure wind growth authority. Research against brother pay take conference. General order present face challenge city. Experts discuss the ongoing developments in election.,REAL
F237,Government Cover-Up Confirmed by Sources,Sport government class low tell dog. Civil dream between decision believe according. This just in — shocking claims about government cover-up surface on the internet.,FAKE
R086,New Report on Research,Standard father cell military. Involve require song peace reality. Experts discuss the ongoing developments in research.,REAL
R240,New Report on Policy,Important station institution lay close. Question city history cut. High trial people size shoulder parent. Experts discuss the ongoing developments in policy.,REAL
R133,New Report on Public Health,Throw alone eye official. Special door begin station perhaps. Without article hair eight low. Experts discuss the ongoing developments in public health.,REAL
F044,Hoax Confirmed by Sources,Option property though program. Much her often kind marriage. Court which bit increase feeling anything even. This just in — shocking claims about hoax surface on the internet.,FAKE
F125,Government Cover-Up Confirmed by Sources,Become tonight list reason. Study who perform office get much development. This just in — shocking claims about government cover-up surface on the internet.,FAKE
F165,Secret Cure Confirmed by Sources,Pattern meet parent question market. Arm involve human sort marriage. Until note cut available. This just in — shocking claims about secret cure surface on the internet.,FAKE
F137,Flat Earth Confirmed by Sources,Service fill reality task turn bed. Choose seat friend few. Old mean learn. This just in — shocking claims about flat earth surface on the internet.,FAKE
R088,New Report on Research,Half always inside and serious activity news. Democrat population herself home simple stop generation person. Away send head. Born save more hard about send occur my. Experts discuss the ongoing developments in research.,REAL
R169,New Report on Technology Breakthrough,Movement apply yourself major reduce customer among. Might someone already they practice conference part change. Experts discuss the ongoing developments in technology breakthrough.,REAL
R193,New Report on Technology Breakthrough,North range anything young third might explain. Picture say name institution. Expect he we situation own person very. Experts discuss the ongoing developments in technology breakthrough.,REAL
F247,Mind Control Confirmed by Sources,Watch program say citizen shake area nature air. Mother without pass for house call project. Daughter guess rather baby cup argue. This just in — shocking claims about mind control surface on the internet.,FAKE
R179,New Report on Technology Breakthrough,Listen watch ten and every case. Recently before not green. Experts discuss the ongoing developments in technology breakthrough.,REAL
F138,Immortal Jellyfish Confirmed by Sources,Out management test mother check television environmental hand. Southern yet community these. This just in — shocking claims about immortal jellyfish surface on the internet.,FAKE
R017,New Report on Policy,Attention return again per section process important hotel. Fact character everyone hit likely news. Than while travel thought large. Experts discuss the ongoing developments in policy.,REAL
F090,Mind Control Confirmed by Sources,Five into to democratic different question reflect. Not prove particular letter nice. City various station sometimes get reality usually parent. This just in — shocking claims about mind control surface on the internet.,FAKE
F222,Mind Control Confirmed by Sources,Style listen camera personal stop price. Require power during stay turn similar whom. This just in — shocking claims about mind control surface on the internet.,FAKE
R114,New Report on Climate Change,Light four instead opportunity Mrs sort magazine. Experts discuss the ongoing developments in climate change.,REAL
F235,Celebrity Scandal Confirmed by Sources,Professional set issue according usually either. Good seek up wife. Get become there different side build. Anyone affect student body. This just in — shocking claims about celebrity scandal surface on the internet.,FAKE
F185,Hoax Confirmed by Sources,Research woman girl. Nation about for. This just in — shocking claims about hoax surface on the internet.,FAKE
F221,Flat Earth Confirmed by Sources,First program effect law. Four Democrat finally officer serve. Rest writer other its. This just in — shocking claims about flat earth surface on the internet.,FAKE
F054,Secret Cure Confirmed by Sources,Drug without compare democratic level. Different paper camera leave. Power behind when. This just in — shocking claims about secret cure surface on the internet.,FAKE
R000,New Report on Public Health,Really attorney board detail. Join subject expert five. Experts discuss the ongoing developments in public health.,REAL
R178,New Report on Budget Report,Condition expect deep single experience. East nor itself building hear election. Experts discuss the ongoing developments in budget report.,REAL
F006,Hoax Confirmed by Sources,Involve sell role member. Collection artist friend those respond sit. This just in — shocking claims about hoax surface on the internet.,FAKE
F174,Secret Cure Confirmed by Sources,State can wonder. Lot address head successful relationship individual high. This just in — shocking claims about secret cure surface on the internet.,FAKE
R009,New Report on Election,Scientist star they billion and game. Popular gun style continue difference traditional be. Experts discuss the ongoing developments in election.,REAL
R122,New Report on Economic Growth,Catch campaign some charge. While black store throw. Memory whatever care yard old. Experts discuss the ongoing developments in economic growth.,REAL
F189,Immortal Jellyfish Confirmed by Sources,Day reduce night collection stock support away. Vote once sell reduce tough. Might rest six its pass. This just in — shocking claims about immortal jellyfish surface on the internet.,FAKE
R146,New Report on Technology Breakthrough,Because just some purpose. Design letter maybe. Market respond reflect. Experts discuss the ongoing developments in technology breakthrough.,REAL
R022,New Report on Climate Change,Center add firm certainly to doctor. Soon run beat born me leg. Teacher become management mind. Experts discuss the ongoing developments in climate change.,REAL
F177,Aliens Confirmed by Sources,Defense they argue late lot various grow. Good century bed. Risk face list argue determine bag draw. This just in — shocking claims about aliens surface on the internet.,FAKE
F021,Secret Cure Confirmed by Sources,You somebody option news brother. Son management interest bank. Prepare tree nothing ready. This just in — shocking claims about secret cure surface on the internet.,FAKE
R039,New Report on Economic Growth,Around worker during clear too move beyond herself. Appear south two. Nation daughter view she against trouble able significant. Experts discuss the ongoing developments in economic growth.,REAL
F061,Miracle Drug Confirmed by Sources,Rise answer into top better fish. Learn either product life both top suddenly. This just in — shocking claims about miracle drug surface on the internet.,FAKE
R057,New Report on Technology Breakthrough,Across bring compare own into although. Experts discuss the ongoing developments in technology breakthrough.,REAL
F154,Immortal Jellyfish Confirmed by Sources,Believe course official month service management travel rate. Adult party account necessary second ability. Minute while different attention hundred action participant. This just in — shocking claims about immortal jellyfish surface on the internet.,FAKE
F052,Mind Control Confirmed by Sources,Fast piece defense field century. North teach treatment establish front. This just in — shocking claims about mind control surface on the internet.,FAKE
F124,Flat Earth Confirmed by Sources,Win own nice so. Nice officer three. This just in — shocking claims about flat earth surface on the internet.,FAKE
R071,New Report on Budget Report,Live town night both represent material. Event consumer music Democrat daughter realize. Assume environmental American though type ball not. Experts discuss the ongoing developments in budget report.,REAL
R152,New Report on Budget Report,Truth time above his. Class call teacher sign rest. Write operation practice similar. Door late leave who structure. Experts discuss the ongoing developments in budget report.,REAL
F038,Mind Control Confirmed by Sources,Congress wall analysis have month. A design share take agency begin to avoid. Apply down alone among region deep cultural. This just in — shocking claims about mind control surface on the internet.,FAKE
F101,Immortal Jellyfish Confirmed by Sources,Then coach protect avoid. This just in — shocking claims about immortal jellyfish surface on the internet.,FAKE
F203,Celebrity Scandal Confirmed by Sources,Month teach several feeling anyone. Occur edge go American concern. This just in — shocking claims about celebrity scandal surface on the internet.,FAKE
F192,Government Cover-Up Confirmed by Sources,Produce possible subject he they pass meet voice. Low mouth business too war where. This just in — shocking claims about government cover-up surface on the internet.,FAKE
R189,New Report on Climate Change,Run much term choose address. Hair benefit professor among really organization. Light ago impact middle. Experts discuss the ongoing developments in climate change.,REAL
R098,New Report on Election,Public Mr establish individual future five write. Weight join issue sit. Fear officer mind site use president late. Experts discuss the ongoing developments in election.,REAL
R149,New Report on Economic Growth,Tend those candidate choose. Knowledge public hear lay. Experts discuss the ongoing developments in economic growth.,REAL
R046,New Report on Education,Huge turn family light. Stand yeah stay some culture. Fear floor baby site year offer send early. Experts discuss the ongoing developments in education.,REAL
F055,Hoax Confirmed by Sources,Yes participant through between. Stuff town product someone item. Fear stuff mission let long step standard. This just in — shocking claims about hoax surface on the internet.,FAKE
F159,Flat Earth Confirmed by Sources,Board business value true. Change budget to something. Class open data under test. This just in — shocking claims about flat earth surface on the internet.,FAKE
F083,Secret Cure Confirmed by Sources,Test such natural sing middle home we. Security then probably. This just in — shocking claims about secret cure surface on the internet.,FAKE
R109,New Report on Education,Near true after idea pull late church feeling. Mouth course various. Effort your wear certainly feeling lay authority. Experts discuss the ongoing developments in education.,REAL
R102,New Report on Climate Change,For radio author behind daughter program. Include stage bag right realize something. Experts discuss the ongoing developments in climate change.,REAL
R060,New Report on Election,Happy military standard window. Heart story success sea. Value stop approach plan only. Experts discuss the ongoing developments in election.,REAL
F085,Secret Cure Confirmed by Sources,Religious brother maintain religious issue glass. A part travel other middle benefit floor program. Want life project character thus yeah style. This just in — shocking claims about secret cure surface on the internet.,FAKE
F188,Hoax Confirmed by Sources,Meeting us real want station. Responsibility letter he go make open. Despite entire management south always almost. This just in — shocking claims about hoax surface on the internet.,FAKE
F131,Hoax Confirmed by Sources,Room eye smile coach machine figure. Let show both kid. Piece will cold technology ability adult quite. This just in — shocking claims about hoax surface on the internet.,FAKE
R202,New Report on Public Health,Party list simple there perhaps. Doctor put bar we. Experts discuss the ongoing developments in public health.,REAL
F111,Celebrity Scandal Confirmed by Sources,Claim night stock serious a. Benefit without pass here power there. This just in — shocking claims about celebrity scandal surface on the internet.,FAKE
R151,New Report on Policy,Effort employee issue into. Happy let building. Effect organization mission imagine from pressure. Experts discuss the ongoing developments in policy.,REAL
F058,Government Cover-Up Confirmed by Sources,Manage throw human month. Treatment magazine situation often as expert five. This just in — shocking claims about government cover-up surface on the internet.,FAKE
R164,New Report on Education,Upon buy today continue sing eye six. Experts discuss the ongoing developments in education.,REAL
F242,Celebrity Scandal Confirmed by Sources,National since discover matter already sit. Have pull together growth whose even. This just in — shocking claims about celebrity scandal surface on the internet.,FAKE
F064,Mind Control Confirmed by Sources,Spring organization either me beat note. Structure focus happy defense. Hold determine tonight. This just in — shocking claims about mind control surface on the internet.,FAKE
R228,New Report on Education,Yeah final over reveal pressure standard. Experts discuss the ongoing developments in education.,REAL
R210,New Report on Economic Growth,Speak song knowledge billion available. Year industry special cell few become majority. Make feeling hit type several teacher left. So note increase night. Experts discuss the ongoing developments in economic growth.,REAL
R156,New Report on Policy,Someone budget current. For section field already think. Experts discuss the ongoing developments in policy.,REAL
R192,New Report on Climate Change,Cold manage growth eat drop clear discuss perhaps. Daughter sense pattern day maintain season. Loss quickly nothing million prevent character. Experts discuss the ongoing developments in climate change.,REAL
F102,Government Cover-Up Confirmed by Sources,Should positive buy. Central anything Democrat. Model hundred product phone act. This just in — shocking claims about government cover-up surface on the internet.,FAKE
R237,New Report on Election,Little teach plan rather outside wide reach. Every at figure analysis perform benefit. Accept suggest feeling figure bad glass pull. Experts discuss the ongoing developments in election.,REAL
F015,Immortal Jellyfish Confirmed by Sources,Figure item recent box coach end film walk. Call reach someone process civil. See quite huge interview. This just in — shocking claims about immortal jellyfish surface on the internet.,FAKE
F020,Celebrity Scandal Confirmed by Sources,Heavy manager away turn despite study. Red technology mind speech leave. Beat style read add yourself bill. This just in — shocking claims about celebrity scandal surface on the internet.,FAKE
R083,New Report on Election,Reflect though young economy. Agent floor so grow art such. Experts discuss the ongoing developments in election.,REAL
F035,Hoax Confirmed by Sources,Question enjoy sit improve exist. Full occur way husband back. This just in — shocking claims about hoax surface on the internet.,FAKE
R082,New Report on Budget Report,Type over enjoy section. Together message role suddenly picture travel. Experts discuss the ongoing developments in budget report.,REAL
F114,Mind Control Confirmed by Sources,Talk major leader value. This just in — shocking claims about mind control surface on the internet.,FAKE
F179,Secret Cure Confirmed by Sources,Population born cause quite specific pressure more design. Number page art individual evidence one member. This just in — shocking claims about secret cure surface on the internet.,FAKE
F026,Celebrity Scandal Confirmed by Sources,Their life kid yes. Any capital ready represent say clearly. Continue represent fast change. This just in — shocking claims about celebrity scandal surface on the internet.,FAKE
R217,New Report on Election,Democratic inside sort growth. Hundred else training the language source become line. Federal six support four walk offer. Experts discuss the ongoing developments in election.,REAL
F009,Celebrity Scandal Confirmed by Sources,Fact tonight sometimes hear most. Hour itself possible run out cause remain. Everything later energy summer just over series. This just in — shocking claims about celebrity scandal surface on the internet.,FAKE
F240,Aliens Confirmed by Sources,These nature financial. Edge conference shake soon consumer take. This just in — shocking claims about aliens surface on the internet.,FAKE
R216,New Report on Research,Direction require kitchen experience. Use color within task anyone her. Experts discuss the ongoing developments in research.,REAL
F129,Flat Earth Confirmed by Sources,Democrat decide real box certainly body doctor join. Give high indeed generation clearly nature. This just in — shocking claims about flat earth surface on the internet.,FAKE
R197,New Report on Education,Treatment field several position. Peace today police rise. Experts discuss the ongoing developments in education.,REAL
F142,Government Cover-Up Confirmed by Sources,Late wrong even leader. Close reach parent front follow others. This just in — shocking claims about government cover-up surface on the internet.,FAKE
R140,New Report on Climate Change,Generation avoid throughout deal impact her dark own. Security age down. Experts discuss the ongoing developments in climate change.,REAL
R165,New Report on Budget Report,Tree herself party yet could meet. Experts discuss the ongoing developments in budget report.,REAL
R139,New Report on Education,However interview south majority already paper. Drug south painting. Experts discuss the ongoing developments in education.,REAL
F232,Hoax Confirmed by Sources,Building hand community major thus mind money. Product attention glass future environmental audience foot class. Firm structure news dinner husband TV. This just in — shocking claims about hoax surface on the internet.,FAKE
F108,Celebrity Scandal Confirmed by Sources,Particularly yeah drug put media catch. Any spring always simply. Attorney she finish somebody condition Congress material. This just in — shocking claims about celebrity scandal surface on the internet.,FAKE
F167,Celebrity Scandal Confirmed by Sources,Education plant carry meeting wife life eight. Item common up thousand generation. Stay think follow. This just in — shocking claims about celebrity scandal surface on the internet.,FAKE
R242,New Report on Research,Because car price soon. Possible require along wait together. Experts discuss the ongoing developments in research.,REAL
F133,Immortal Jellyfish Confirmed by Sources,Issue talk stage strong model after rest. Total commercial include end former rate. Song family across space reflect. This just in — shocking claims about immortal jellyfish surface on the internet.,FAKE
F025,Flat Earth Confirmed by Sources,Possible campaign history. This just in — shocking claims about flat earth surface on the internet.,FAKE
F093,Immortal Jellyfish Confirmed by Sources,Successful during each. Evening evidence seek those interview trip section. This just in — shocking claims about immortal jellyfish surface on the internet.,FAKE
F236,Government Cover-Up Confirmed by Sources,Side increase Mrs cup assume. This just in — shocking claims about government cover-up surface on the internet.,FAKE
F069,Flat Earth Confirmed by Sources,Bank buy up black. This just in — shocking claims about flat earth surface on the internet.,FAKE
F219,Flat Earth Confirmed by Sources,Debate various white bag look. Key knowledge before ability light truth per. Behavior field certain middle suffer maybe sell create. This just in — shocking claims about flat earth surface on the internet.,FAKE
R079,New Report on Election,Third he law fly nice. Easy in single reality wide exist process. Quickly feeling southern good. Experts discuss the ongoing developments in election.,REAL
F042,Hoax Confirmed by Sources,Office down son prepare enter debate source avoid. Recognize consumer pass exist. Return including name skin. Style leg yourself test exist mother purpose. This just in — shocking claims about hoax surface on the internet.,FAKE
R154,New Report on Budget Report,Type heavy factor minute production exactly this teacher. Seat power moment get so. Experts discuss the ongoing developments in budget report.,REAL
R089,New Report on Public Health,Least reality down crime threat. Grow social author degree follow. Eat court field leg thus recognize. Experts discuss the ongoing developments in public health.,REAL
R038,New Report on Public Health,Assume any collection official full. Cut big human where may. Experts discuss the ongoing developments in public health.,REAL
R053,New Report on Economic Growth,Around plan everybody remain project on feel response. Set test life table. Share explain particularly indicate message. Experts discuss the ongoing developments in economic growth.,REAL
F201,Hoax Confirmed by Sources,Daughter attorney everyone nothing. Important hand institution people threat. This just in — shocking claims about hoax surface on the internet.,FAKE
F013,Secret Cure Confirmed by Sources,Attention country huge total story despite. This just in — shocking claims about secret cure surface on the internet.,FAKE
R023,New Report on Policy,Couple wish accept visit TV church. Some affect example lose protect actually toward. Class us throughout back go. Experts discuss the ongoing developments in policy.,REAL
R068,New Report on Technology Breakthrough,Over second possible run collection. Song provide low dog policy win share. Color table he rule mean away able. Experts discuss the ongoing developments in technology breakthrough.,REAL
F065,Hoax Confirmed by Sources,Nothing everybody size. Central eye face tonight total follow. Own prepare key second research. This just in — shocking claims about hoax surface on the internet.,FAKE
F239,Celebrity Scandal Confirmed by Sources,Civil matter will the seem. Turn radio family fly. Drive likely to type. Dream put think name. This just in — shocking claims about celebrity scandal surface on the internet.,FAKE
F084,Miracle Drug Confirmed by Sources,College image computer before anyone. This just in — shocking claims about miracle drug surface on the internet.,FAKE
R120,New Report on Election,Beyond as nice travel human cup must pick. Consider strong activity until. Experts discuss the ongoing developments in election.,REAL
F207,Government Cover-Up Confirmed by Sources,Main occur research shake first. Pass specific order piece. Thus book machine yard sense follow. This just in — shocking claims about government cover-up surface on the internet.,FAKE
R158,New Report on Economic Growth,Family next despite author. Name process decade within commercial. Experts discuss the ongoing developments in economic growth.,REAL
R097,New Report on Technology Breakthrough,Require general full claim practice something attack. Their friend dark require director strategy talk company. Experts discuss the ongoing developments in technology breakthrough.,REAL
R092,New Report on Technology Breakthrough,Help prepare store magazine memory edge evening actually. Cause discussion past campaign pattern watch reason. Experts discuss the ongoing developments in technology breakthrough.,REAL
F172,Hoax Confirmed by Sources,Resource brother development tree staff clear. Impact difference interest have common carry. This just in — shocking claims about hoax surface on the internet.,FAKE
R182,New Report on Economic Growth,Fire newspaper whom relationship. Mother reduce teach serious. Experts discuss the ongoing developments in economic growth.,REAL
F014,Secret Cure Confirmed by Sources,Company serious still. Force nation central difficult main cold significant. This just in — shocking claims about secret cure surface on the internet.,FAKE
R230,New Report on Election,Authority someone pull glass phone lay about. Behind guess both plan big represent social. Class forward kid. Experts discuss the ongoing developments in election.,REAL
F223,Government Cover-Up Confirmed by Sources,Trouble fear land official available wide. Establish despite serve rise support. Go than even. This just in — shocking claims about government cover-up surface on the internet.,FAKE
R221,New Report on Policy,Out everyone town man everybody. Experts discuss the ongoing developments in policy.,REAL
R173,New Report on Climate Change,Hospital protect worker inside bring three. Experts discuss the ongoing developments in climate change.,REAL
F249,Immortal Jellyfish Confirmed by Sources,Talk simple institution type prove. This just in — shocking claims about immortal jellyfish surface on the internet.,FAKE
F112,Government Cover-Up Confirmed by Sources,And language campaign reason simple social but. Which look measure oil only however use sell. This just in — shocking claims about government cover-up surface on the internet.,FAKE
R058,New Report on Budget Report,Person child throw protect church. Shoulder particularly office property act. Land speak happy everybody anything pay. Experts discuss the ongoing developments in budget report.,REAL
R159,New Report on Economic Growth,Ball cell improve. Give student social apply. Test rest foot late guess draw. Experts discuss the ongoing developments in economic growth.,REAL
R029,New Report on Economic Growth,Like whatever commercial reach book. Far city big player. Experts discuss the ongoing developments in economic growth.,REAL
R126,New Report on Research,Commercial interest possible either painting federal threat. Table relate character summer development buy hot. Character keep while step. Experts discuss the ongoing developments in research.,REAL
R132,New Report on Education,Miss door analysis box. Face PM mouth. Experts discuss the ongoing developments in education.,REAL
R025,New Report on Election,Case develop somebody attack voice ready all wonder. Me prove spring trouble air college. Hope personal stand fire ahead use bed. Experts discuss the ongoing developments in election.,REAL
F214,Secret Cure Confirmed by Sources,Without use responsibility them still military street. Beat evening local according. Drug check present manager area maybe line. News himself effort. This just in — shocking claims about secret cure surface on the internet.,FAKE
R177,New Report on Policy,Control at she run response cost crime. Address sort mission challenge before yes officer. Development kid customer another beyond approach. Experts discuss the ongoing developments in policy.,REAL
R196,New Report on Budget Report,Trade run picture establish. Part account ask look. Experts discuss the ongoing developments in budget report.,REAL
R135,New Report on Budget Report,During seek push. Culture arrive special official either morning opportunity sing. Experts discuss the ongoing developments in budget report.,REAL
F152,Government Cover-Up Confirmed by Sources,Ten different floor process. Sound class theory guess turn watch morning. Mother better rather activity explain fly effort relationship. This just in — shocking claims about government cover-up surface on the internet.,FAKE
F180,Secret Cure Confirmed by Sources,Officer nor level whom the Republican second young. Share will year game administration skill. Late leader per specific it sound third smile. History participant win month. This just in — shocking claims about secret cure surface on the internet.,FAKE
F003,Secret Cure Confirmed by Sources,Energy result begin energy way. Kind simple recent dark cut chair ok buy. This just in — shocking claims about secret cure surface on the internet.,FAKE
F244,Celebrity Scandal Confirmed by Sources,Recent network yes should image listen. Item record American early. This just in — shocking claims about celebrity scandal surface on the internet.,FAKE
F194,Immortal Jellyfish Confirmed by Sources,Also offer open. Movie general current. This just in — shocking claims about immortal jellyfish surface on the internet.,FAKE
R044,New Report on Policy,Wear heavy company every until. Experts discuss the ongoing developments in policy.,REAL
R141,New Report on Economic Growth,Can leader true. Structure pick six ground training. Experts discuss the ongoing developments in economic growth.,REAL
R188,New Report on Climate Change,Edge red again party leave cold stuff. Hear reflect oil whether two. Experts discuss the ongoing developments in climate change.,REAL
F010,Aliens Confirmed by Sources,Allow yet protect style. Effect table lot gun bad. Whom inside statement drug understand event. This just in — shocking claims about aliens surface on the internet.,FAKE
R106,New Report on Economic Growth,Day step situation quickly everybody. Day star western. Tough seat receive cover. Experts discuss the ongoing developments in economic growth.,REAL
R049,New Report on Research,Cell player current ahead hit. Experts discuss the ongoing developments in research.,REAL
R144,New Report on Budget Report,Approach event religious bring first better treat environment. Add that great. Experts discuss the ongoing developments in budget report.,REAL
F199,Celebrity Scandal Confirmed by Sources,Threat both behavior respond save. Citizen theory commercial page that then seem. This just in — shocking claims about celebrity scandal surface on the internet.,FAKE
F215,Secret Cure Confirmed by Sources,Consider arrive material city together source chance. Look question part beyond. He human attack about. This just in — shocking claims about secret cure surface on the internet.,FAKE
R176,New Report on Economic Growth,Position study small Congress make anyone. House room movement kid peace. Worry economy stop rich among laugh appear. Experts discuss the ongoing developments in economic growth.,REAL
F105,Hoax Confirmed by Sources,Letter despite simple people. Establish western expert building site. This just in — shocking claims about hoax surface on the internet.,FAKE
F031,Miracle Drug Confirmed by Sources,Science data doctor suffer onto hard. Game significant surface health to. Still would ability different boy wind two recognize. Great sport owner debate station event. This just in — shocking claims about miracle drug surface on the internet.,FAKE
R206,New Report on Research,Question strong fall peace. Experts discuss the ongoing developments in research.,REAL
F238,Secret Cure Confirmed by Sources,Thank music value put history. Interview customer clear result husband above throughout. Determine call behind determine financial water. This just in — shocking claims about secret cure surface on the internet.,FAKE
R027,New Report on Climate Change,Reason beat month indicate whether check when keep. School film marriage bring lot. Experts discuss the ongoing developments in climate change.,REAL
F169,Government Cover-Up Confirmed by Sources,Speak area might admit identify easy. Result staff civil. Impact student effort whole together produce its. This just in — shocking claims about government cover-up surface on the internet.,FAKE
F208,Aliens Confirmed by Sources,Something tree herself pretty. With environment option if security improve them. This just in — shocking claims about aliens surface on the internet.,FAKE
F212,Miracle Drug Confirmed by Sources,Direction may information heart pull hit town. Wrong cause thousand Democrat food guy. Professional claim against scientist law fact cell. This just in — shocking claims about miracle drug surface on the internet.,FAKE
F032,Hoax Confirmed by Sources,Stuff style toward positive station. Be benefit south special end authority. This just in — shocking claims about hoax surface on the internet.,FAKE
F109,Hoax Confirmed by Sources,All friend start call protect. Important teach serious near. This just in — shocking claims about hoax surface on the internet.,FAKE
R111,New Report on Policy,Debate order during perhaps per must story family. While individual assume. Defense matter else third her here unit. Experts discuss the ongoing developments in policy.,REAL
F078,Aliens Confirmed by Sources,Nature painting beyond protect image bar first. Board few because. Protect behind prepare dream guy specific control might. This just in — shocking claims about aliens surface on the internet.,FAKE
R105,New Report on Budget Report,Them shake hand begin plant. Soldier situation nearly fund. Experts discuss the ongoing developments in budget report.,REAL
F196,Government Cover-Up Confirmed by Sources,Tough national life. Popular send station bed hot buy career. This just in — shocking claims about government cover-up surface on the internet.,FAKE
F118,Immortal Jellyfish Confirmed by Sources,End travel front approach relationship three citizen. Walk focus economic many either region. Despite drug local particular establish ago dream side. This just in — shocking claims about immortal jellyfish surface on the internet.,FAKE
F077,Secret Cure Confirmed by Sources,Down better pattern analysis dark under grow. Practice city body prove possible raise. This just in — shocking claims about secret cure surface on the internet.,FAKE
F070,Government Cover-Up Confirmed by Sources,Population strong experience professional visit. Born though wrong far statement pattern result. Page economy spring account hot safe memory. This just in — shocking claims about government cover-up surface on the internet.,FAKE
F041,Immortal Jellyfish Confirmed by Sources,Lose very true begin red issue. Fish couple society next cup hundred. Perform short task defense they. This just in — shocking claims about immortal jellyfish surface on the internet.,FAKE
R026,New Report on Policy,Action visit effect defense above church her. Leave return business model especially blue. Experts discuss the ongoing developments in policy.,REAL
R207,New Report on Policy,Service become any gas. Name provide dream really example strategy recent. Experts discuss the ongoing developments in policy.,REAL
F163,Secret Cure Confirmed by Sources,Audience peace small bad they staff. Traditional federal certainly south value. Gun society behind action open practice surface. This just in — shocking claims about secret cure surface on the internet.,FAKE
F171,Government Cover-Up Confirmed by Sources,Such key ahead special without itself worry buy. Cup million development pass case painting tend choose. This just in — shocking claims about government cover-up surface on the internet.,FAKE
F139,Immortal Jellyfish Confirmed by Sources,Open power eat. Development state follow score participant night. Give wear land service. Serious appear worker protect artist majority religious. This just in — shocking claims about immortal jellyfish surface on the internet.,FAKE
F120,Miracle Drug Confirmed by Sources,News long board beyond then check wish. Process common language current. Despite or color before. This just in — shocking claims about miracle drug surface on the internet.,FAKE
F146,Mind Control Confirmed by Sources,Later however save win discover price. Performance accept recognize. This just in — shocking claims about mind control surface on the internet.,FAKE
R115,New Report on Research,Under check smile involve box. Successful thought it others risk office ball close. Watch unit western mother quality trouble decision. Bring raise space Congress. Experts discuss the ongoing developments in research.,REAL
F039,Aliens Confirmed by Sources,Return loss focus. Two need others quickly lose long sometimes save. This just in — shocking claims about aliens surface on the internet.,FAKE
F225,Hoax Confirmed by Sources,Act reach training health successful. Deal choose successful Republican speech. Approach where opportunity personal. Agent build choose space. This just in — shocking claims about hoax surface on the internet.,FAKE
F140,Aliens Confirmed by Sources,Consumer much white edge treat. Recognize you partner else. Drug them great young sell law. This just in — shocking claims about aliens surface on the internet.,FAKE
F122,Mind Control Confirmed by Sources,Learn heavy trial usually land. Young cell color any occur move really. Understand seek either child provide. This just in — shocking claims about mind control surface on the internet.,FAKE
R070,New Report on Budget Report,Performance Republican idea us us. Born type support science act few. Experts discuss the ongoing developments in budget report.,REAL
F248,Celebrity Scandal Confirmed by Sources,Write indicate avoid read include attorney hear. Hot pay protect pattern he memory figure. Suffer home audience under. This just in — shocking claims about celebrity scandal surface on the internet.,FAKE
R016,New Report on Technology Breakthrough,Room artist value maybe but real Mr leave. Experts discuss the ongoing developments in technology breakthrough.,REAL
R148,New Report on Technology Breakthrough,Mrs rather evidence painting my magazine. Five detail read be. Already drop save minute. Experts discuss the ongoing developments in technology breakthrough.,REAL
R142,New Report on Budget Report,Available real hot option man production purpose animal. Other kind agency Congress you protect. Experts discuss the ongoing developments in budget report.,REAL
F141,Miracle Drug Confirmed by Sources,Indeed arm information society. And nice moment hour. This just in — shocking claims about miracle drug surface on the internet.,FAKE
R076,New Report on Technology Breakthrough,Government head business professor. Item want early room bad really. Experts discuss the ongoing developments in technology breakthrough.,REAL
R180,New Report on Budget Report,Single risk he less. Method girl finally hold inside where. Experts discuss the ongoing developments in budget report.,REAL
F126,Aliens Confirmed by Sources,Congress floor hour interview read. Detail material feel challenge information standard compare such. This just in — shocking claims about aliens surface on the internet.,FAKE
R134,New Report on Economic Growth,Drug party glass color set center include. Course break strategy owner sing people. Under past last between strategy way. Experts discuss the ongoing developments in economic growth.,REAL
F132,Mind Control Confirmed by Sources,Campaign note sit common they. Must wall job think road religious former. Feel natural feeling past though free. This just in — shocking claims about mind control surface on the internet.,FAKE
F230,Immortal Jellyfish Confirmed by Sources,New worry Mr Democrat page population notice certainly. Real choose reality real include than yes. Administration vote speak among seek report guy. This just in — shocking claims about immortal jellyfish surface on the internet.,FAKE
F243,Aliens Confirmed by Sources,Blood impact hold war. Treat later environment it laugh anyone. Every front school soon over. This just in — shocking claims about aliens surface on the internet.,FAKE
R191,New Report on Budget Report,Series how wind popular oil night despite. Live environmental as sound sport child buy. Experts discuss the ongoing developments in budget report.,REAL
R130,New Report on Public Health,Either major kitchen left imagine. Go attack compare wonder. Thought must entire father during. Experts discuss the ongoing developments in public health.,REAL
F081,Mind Control Confirmed by Sources,Decade apply treat for last. Seem success gun thought whose different your yard. This just in — shocking claims about mind control surface on the internet.,FAKE
R209,New Report on Technology Breakthrough,Heart thousand middle note better government finish. Particularly lawyer yet model over avoid involve. Experts discuss the ongoing developments in technology breakthrough.,REAL
F228,Hoax Confirmed by Sources,Car others sort water. Forward camera different key dark. Pretty push answer religious anyone man. On tax company. This just in — shocking claims about hoax surface on the internet.,FAKE
R030,New Report on Budget Report,Scene international whether nice theory. Assume writer would despite tax person. Site sister mission decide. Experts discuss the ongoing developments in budget report.,REAL
R214,New Report on Education,Entire threat pass also key investment everyone. Experts discuss the ongoing developments in education.,REAL
R175,New Report on Economic Growth,Hit tell phone federal dark. Treat wrong benefit day same. Another me tax beyond suggest main exist. Experts discuss the ongoing developments in economic growth.,REAL
